{
    "hidden_size": 110,
    "lr": 0.0036878768854818307,
    "epochs": 596,
    "num_inputs": 29,
    "dropout": 0.01946733049079924
}