{
    "hidden_size": 104,
    "lr": 0.006900616171464929,
    "epochs": 383,
    "num_inputs": 30,
    "dropout": 2.7787885086652878e-05
}